﻿Designator,Footprint,Quantity,Value,LCSC Part #
A1,RaspberryPi_Pico_Common_Unspecified,1,RaspberryPi_Pico,
"D1, D10, D11, D12, D13, D14, D15, D16, D17, D18, D19, D2, D20, D21, D22, D23, D24, D25, D26, D27, D28, D29, D3, D30, D31, D32, D33, D34, D35, D36, D37, D38, D39, D4, D40, D41, D42, D43, D44, D45, D46, D47, D48, D49, D5, D50, D51, D52, D53, D54, D55, D56, D57, D58, D59, D6, D60, D61, D7, D8, D9",Diode_DO-35,61,Diode,
"D62, D63, D64, D65, D66, D67, D68, D69",LED_SK6812MINI_PLCC4_3.5x3.5mm_P1.75mm,8,SK6812MINI,
J1,OLED_128x64,1,OLED_128x64,
"S1, S10, S11, S12, S13, S16, S17, S18, S19, S2, S20, S21, S22, S23, S24, S25, S26, S27, S3, S30, S31, S32, S33, S34, S35, S36, S37, S38, S39, S4, S40, S43, S44, S45, S46, S47, S48, S49, S5, S50, S51, S52, S6, S7, S8, S9",MX_PCB_1.00u,46,Keyswitch,
S14,MX_PCB_2.00u,1,Keyswitch,
"S15, S28",MX_PCB_1.50u,2,Keyswitch,
S29,MX_PCB_1.75u,1,Keyswitch,
"S41, S42",MX_PCB_2.25u,2,Keyswitch,
S53,MX_PCB_2.75u,1,Keyswitch,
"S54, S55, S56, S58, S59, S60, S61",MX_PCB_1.25u,7,Keyswitch,
S57,MX_PCB_6.25u,1,Keyswitch,
SW1,RotaryEncoder_Alps_EC11E-Switch_Vertical_H20mm,1,RotaryEncoder_Switch,
